Census Tract,Total Families,Families in Poverty,Percent Families in Poverty
1,Chatham,262.00,253.00,96.60
1,Clarke,37.00,21.00,56.80
1,Dougherty,1038.00,240.00,23.10
1,Elbert,885.00,142.00,16.10
1,Floyd,1175.00,151.00,12.90
1,Fulton,1225.00,38.00,3.10
1,Habersham,967.00,72.00,7.50
1,Macon,468.00,147.00,31.40
1,Richmond,833.00,153.00,18.40
1.01,Glynn,402.00,15.00,3.70
1.01,Hall,1207.00,177.00,14.70
1.01,Union,725.00,160.00,22.10
1.01,Whitfield,1121.00,154.00,13.70
1.02,Glynn,895.00,27.00,3.00
1.02,Hall,967.00,85.00,8.80
1.02,Union,1680.00,155.00,9.20
1.02,Whitfield,2394.00,256.00,10.70
10,Dougherty,407.00,149.00,36.60
10,Glynn,2883.00,175.00,6.10
10,Muscogee,995.00,133.00,13.40
10,Richmond,398.00,42.00,10.60
10,Whitfield,912.00,173.00,19.00
10.01,Fulton,170.00,5.00,2.90
10.02,Fulton,41.00,9.00,22.00
10.02,Hall,1802.00,152.00,8.40
10.03,Hall,1363.00,510.00,37.40
10.04,Hall,738.00,174.00,23.60
100.01,Fulton,964.00,4.00,0.40
100.02,Fulton,1737.00,6.00,0.40
1001,Newton,2674.00,309.00,11.60
1002.01,Newton,1676.00,136.00,8.10
1002.02,Newton,1471.00,83.00,5.60
1003,Newton,2232.00,409.00,18.30
1004,Newton,614.00,125.00,20.40
1005.01,Newton,3534.00,320.00,9.10
1005.02,Newton,2064.00,356.00,17.30
1006,Newton,1427.00,233.00,16.30
1007,Newton,1419.00,529.00,37.30
1008,Newton,2442.00,245.00,10.00
1009.01,Newton,2631.00,123.00,4.70
1009.02,Newton,1440.00,206.00,14.30
1009.03,Newton,1380.00,209.00,15.10
101,Bibb,270.00,162.00,60.00
101,Camden,833.00,61.00,7.30
101,Charlton,1892.00,263.00,13.90
101,Chattooga,629.00,93.00,14.80
101,Coffee,757.00,133.00,17.60
101,Crisp,1037.00,358.00,34.50
101,Glascock,747.00,90.00,12.10
101,Haralson,1010.00,197.00,19.50
101,Jasper,573.00,128.00,22.30
101,Morgan,801.00,48.00,6.00
101,Murray,952.00,169.00,17.80
101,Pike,1813.00,154.00,8.50
101,Polk,1603.00,138.00,8.60
101,Upson,741.00,21.00,2.80
101.01,Chatham,281.00,91.00,32.40
101.01,Jackson,1442.00,99.00,6.90
101.01,Liberty,1611.00,278.00,17.30
101.01,Lowndes,1061.00,181.00,17.10
101.01,Richmond,733.00,24.00,3.30
101.01,Wilkes,401.00,68.00,17.00
101.02,Chatham,828.00,99.00,12.00
101.02,Jackson,1756.00,80.00,4.60
101.02,Liberty,228.00,39.00,17.10
101.02,Lowndes,1218.00,209.00,17.20
101.02,Wilkes,421.00,127.00,30.20
101.03,Jackson,1400.00,100.00,7.10
101.03,Liberty,458.00,45.00,9.80
101.03,Lowndes,929.00,75.00,8.10
101.04,Muscogee,1869.00,96.00,5.10
101.04,Richmond,850.00,66.00,7.80
101.05,Richmond,1102.00,147.00,13.30
101.06,Fulton,1092.00,59.00,5.40
101.06,Muscogee,1351.00,154.00,11.40
101.06,Richmond,843.00,12.00,1.40
101.07,Fulton,615.00,10.00,1.60
101.07,Muscogee,2437.00,85.00,3.50
101.07,Richmond,532.00,87.00,16.40
101.08,Fulton,1061.00,20.00,1.90
101.10,Fulton,1330.00,99.00,7.40
101.13,Fulton,1178.00,231.00,19.60
101.14,Fulton,1420.00,126.00,8.90
101.15,Fulton,643.00,9.00,1.40
101.17,Fulton,587.00,17.00,2.90
101.18,Fulton,1106.00,279.00,25.20
101.19,Fulton,884.00,306.00,34.60
101.20,Fulton,452.00,25.00,5.50
101.21,Fulton,500.00,25.00,5.00
101.22,Fulton,1660.00,54.00,3.30
101.23,Fulton,1050.00,145.00,13.80
102,Bibb,406.00,40.00,9.90
102,Camden,1483.00,196.00,13.20
102,Charlton,754.00,101.00,13.40
102,Chatham,1105.00,243.00,22.00
102,Chattooga,1581.00,283.00,17.90
102,Coffee,844.00,144.00,17.10
102,Haralson,1813.00,250.00,13.80
102,Jackson,1195.00,192.00,16.10
102,Jasper,771.00,104.00,13.50
102,Morgan,1098.00,142.00,12.90
102,Pike,944.00,57.00,6.00
102,Polk,1945.00,251.00,12.90
102,Taliaferro,431.00,82.00,19.00
102.01,Crisp,1461.00,390.00,26.70
102.01,Lowndes,645.00,59.00,9.20
102.01,Murray,477.00,94.00,19.70
102.01,Muscogee,1807.00,64.00,3.50
102.01,Richmond,1099.00,11.00,1.00
102.01,Upson,1241.00,402.00,32.40
102.02,Crisp,786.00,262.00,33.30
102.02,Liberty,1076.00,179.00,16.60
102.02,Lowndes,3135.00,86.00,2.70
102.02,Murray,2346.00,349.00,14.90
102.02,Upson,776.00,103.00,13.30
102.03,Muscogee,2440.00,234.00,9.60
102.03,Richmond,1022.00,119.00,11.60
102.04,Fulton,1497.00,48.00,3.20
102.04,Liberty,824.00,174.00,21.10
102.04,Muscogee,1842.00,97.00,5.30
102.04,Richmond,3066.00,257.00,8.40
102.05,Fulton,1296.00,33.00,2.60
102.05,Liberty,1850.00,317.00,17.10
102.05,Muscogee,880.00,67.00,7.60
102.06,Fulton,1577.00,14.00,0.90
102.06,Liberty,1265.00,255.00,20.20
102.07,Liberty,1414.00,213.00,15.10
102.08,Fulton,918.00,63.00,6.90
102.08,Liberty,1469.00,88.00,6.00
102.09,Fulton,1110.00,56.00,5.10
102.10,Fulton,1676.00,59.00,3.50
102.11,Fulton,780.00,27.00,3.50
102.12,Fulton,1184.00,197.00,16.60
103,Bibb,180.00,56.00,31.10
103,Chattooga,821.00,104.00,12.70
103,Coffee,735.00,142.00,19.30
103,Crisp,965.00,228.00,23.60
103,Jackson,1173.00,224.00,19.10
103,Liberty,1734.00,178.00,10.30
103,Morgan,1962.00,283.00,14.40
103,Murray,1031.00,79.00,7.70
103,Pike,1011.00,66.00,6.50
103,Polk,1253.00,253.00,20.20
103,Richmond,917.00,294.00,32.10
103,Upson,888.00,104.00,11.70
103.01,Camden,2297.00,325.00,14.20
103.01,Fulton,3605.00,256.00,7.10
103.01,Haralson,1116.00,279.00,25.00
103.01,Lowndes,1385.00,68.00,4.90
103.01,Muscogee,704.00,26.00,3.70
103.01,Wilkes,569.00,40.00,7.00
103.02,Camden,1216.00,147.00,12.10
103.02,Dougherty,1203.00,568.00,47.20
103.02,Haralson,2016.00,334.00,16.60
103.02,Lowndes,689.00,0.00,0.00
103.02,Muscogee,1724.00,157.00,9.10
103.02,Wilkes,1104.00,246.00,22.30
103.03,Fulton,2082.00,118.00,5.70
103.04,Fulton,3256.00,114.00,3.50
104,Bibb,451.00,237.00,52.60
104,Chattooga,1405.00,244.00,17.40
104,Coffee,1090.00,212.00,19.50
104,Crisp,1476.00,398.00,27.00
104,Fulton,1991.00,310.00,15.60
104,Haralson,2084.00,370.00,17.80
104,Jackson,1323.00,219.00,16.60
104,Liberty,1844.00,189.00,10.30
104,Morgan,827.00,65.00,7.90
104,Murray,1676.00,220.00,13.10
104,Pike,912.00,153.00,16.80
104,Polk,1362.00,290.00,21.30
104,Richmond,950.00,507.00,53.40
104,Upson,1303.00,131.00,10.10
104.01,Camden,3027.00,315.00,10.40
104.01,Dougherty,2051.00,18.00,0.90
104.01,Lowndes,366.00,6.00,1.60
104.01,Muscogee,1935.00,92.00,4.80
104.02,Camden,1575.00,63.00,4.00
104.02,Dougherty,948.00,169.00,17.80
104.02,Lowndes,1683.00,257.00,15.30
104.02,Muscogee,1017.00,70.00,6.90
104.03,Camden,1218.00,73.00,6.00
104.03,Dougherty,449.00,69.00,15.40
105,Bibb,383.00,328.00,85.60
105,Camden,444.00,115.00,25.90
105,Chattooga,1206.00,199.00,16.50
105,Coffee,829.00,177.00,21.40
105,Crisp,414.00,57.00,13.80
105,Dougherty,557.00,43.00,7.70
105,Jackson,1261.00,185.00,14.70
105,Jasper,2366.00,326.00,13.80
105,Lowndes,909.00,316.00,34.80
105,Morgan,425.00,38.00,8.90
105,Murray,1420.00,163.00,11.50
105,Polk,1502.00,133.00,8.90
105,Upson,1181.00,327.00,27.70
105.01,Chatham,1105.00,579.00,52.40
105.01,Liberty,909.00,71.00,7.80
105.01,Muscogee,1745.00,172.00,9.90
105.02,Chatham,958.00,254.00,26.50
105.02,Liberty,1210.00,188.00,15.50
105.02,Muscogee,337.00,49.00,14.50
105.04,Richmond,1477.00,490.00,33.20
105.06,Richmond,1146.00,363.00,31.70
105.07,Fulton,1511.00,411.00,27.20
105.07,Richmond,1284.00,170.00,13.20
105.08,Fulton,748.00,154.00,20.60
105.08,Richmond,875.00,233.00,26.60
105.09,Richmond,1124.00,313.00,27.90
105.10,Fulton,2983.00,458.00,15.40
105.10,Richmond,1128.00,259.00,23.00
105.11,Fulton,1639.00,155.00,9.50
105.11,Richmond,722.00,281.00,38.90
105.12,Fulton,1308.00,359.00,27.50
105.12,Richmond,1025.00,355.00,34.60
105.13,Fulton,3096.00,602.00,19.40
105.13,Richmond,723.00,113.00,15.60
105.14,Fulton,2849.00,82.00,2.90
105.15,Fulton,1085.00,118.00,10.90
105.16,Fulton,1860.00,409.00,22.00
106,Chattooga,658.00,118.00,17.90
106,Coffee,1446.00,158.00,10.90
106,Jackson,2334.00,340.00,14.60
106,Liberty,466.00,141.00,30.30
106,Murray,1096.00,267.00,24.40
106,Polk,1257.00,180.00,14.30
106,Richmond,1077.00,446.00,41.40
106,Upson,286.00,23.00,8.00
106.01,Camden,1655.00,359.00,21.70
106.01,Chatham,866.00,207.00,23.90
106.01,Dougherty,532.00,218.00,41.00
106.01,Fulton,654.00,180.00,27.50
106.01,Lowndes,1277.00,297.00,23.30
106.02,Camden,310.00,32.00,10.30
106.02,Dougherty,937.00,259.00,27.60
106.02,Muscogee,1132.00,160.00,14.10
106.03,Chatham,364.00,33.00,9.10
106.03,Fulton,785.00,320.00,40.80
106.04,Fulton,581.00,158.00,27.20
106.04,Lowndes,1368.00,125.00,9.10
106.05,Chatham,0.00,0.00,
106.05,Muscogee,1036.00,211.00,20.40
106.06,Muscogee,0.00,0.00,
106.07,Muscogee,1488.00,289.00,19.40
106.08,Muscogee,1129.00,186.00,16.50
107,Chatham,5525.00,203.00,3.70
107,Coffee,1523.00,275.00,18.10
107,Dougherty,1002.00,539.00,53.80
107,Lowndes,936.00,115.00,12.30
107,Murray,1403.00,261.00,18.60
107,Polk,1493.00,473.00,31.70
107.01,Jackson,524.00,34.00,6.50
107.01,Muscogee,1332.00,186.00,14.00
107.02,Jackson,2720.00,223.00,8.20
107.02,Muscogee,1110.00,195.00,17.60
107.03,Jackson,880.00,57.00,6.50
107.03,Muscogee,1407.00,315.00,22.40
107.06,Richmond,1119.00,243.00,21.70
107.07,Richmond,627.00,178.00,28.40
107.08,Richmond,1378.00,202.00,14.70
107.09,Richmond,1453.00,173.00,11.90
107.10,Richmond,1235.00,426.00,34.50
107.11,Richmond,712.00,239.00,33.60
107.12,Richmond,2147.00,355.00,16.50
108,Bibb,231.00,33.00,14.30
108,Fulton,1121.00,119.00,10.60
108,Lowndes,1159.00,487.00,42.00
108,Richmond,1041.00,85.00,8.20
108.01,Chatham,773.00,54.00,7.00
108.01,Coffee,1132.00,253.00,22.40
108.01,Muscogee,430.00,31.00,7.20
108.02,Chatham,2298.00,80.00,3.50
108.02,Coffee,1030.00,265.00,25.70
108.02,Muscogee,1454.00,70.00,4.80
108.03,Chatham,2588.00,170.00,6.60
108.06,Chatham,1515.00,97.00,6.40
108.07,Chatham,1477.00,74.00,5.00
108.08,Chatham,2710.00,419.00,15.50
108.09,Chatham,3059.00,179.00,5.90
109,Dougherty,415.00,37.00,8.90
109,Lowndes,383.00,158.00,41.30
109.01,Chatham,824.00,320.00,38.80
109.03,Richmond,1253.00,217.00,17.30
109.04,Richmond,851.00,134.00,15.80
109.05,Richmond,1208.00,279.00,23.10
109.06,Richmond,1659.00,146.00,8.80
11,Chatham,350.00,76.00,21.70
11,Dougherty,1638.00,718.00,43.80
11,Floyd,478.00,163.00,34.10
11,Fulton,669.00,41.00,6.10
11,Muscogee,678.00,58.00,8.60
11,Richmond,467.00,29.00,6.20
11,Whitfield,1292.00,209.00,16.20
11.01,Hall,873.00,431.00,49.40
11.02,Hall,931.00,264.00,28.40
110,Bibb,1115.00,410.00,36.80
110,Dougherty,701.00,59.00,8.40
110,Fulton,565.00,252.00,44.60
110,Lowndes,728.00,374.00,51.40
110,Richmond,94.00,0.00,0.00
110.03,Chatham,1563.00,122.00,7.80
110.04,Chatham,1051.00,34.00,3.20
110.05,Chatham,1576.00,15.00,1.00
110.06,Chatham,1272.00,58.00,4.60
1101,Bulloch,1004.00,235.00,23.40
1101,McIntosh,1230.00,47.00,3.80
1101,Walton,2467.00,111.00,4.50
1102,Bulloch,2096.00,561.00,26.80
1102,McIntosh,1177.00,208.00,17.70
1102,Walton,1270.00,155.00,12.20
1103,Bulloch,2380.00,252.00,10.60
1103,McIntosh,1196.00,302.00,25.30
1103,Walton,1687.00,245.00,14.50
1104,Walton,1768.00,509.00,28.80
1104.01,Bulloch,708.00,161.00,22.70
1104.03,Bulloch,928.00,328.00,35.30
1104.04,Bulloch,211.00,99.00,46.90
1105,Bulloch,813.00,206.00,25.30
1105.03,Walton,982.00,59.00,6.00
1105.04,Walton,1303.00,158.00,12.10
1105.05,Walton,1234.00,106.00,8.60
1105.06,Walton,1595.00,87.00,5.50
1105.07,Walton,2105.00,153.00,7.30
1105.08,Walton,1353.00,126.00,9.30
1106.01,Bulloch,1846.00,342.00,18.50
1106.01,Walton,1329.00,99.00,7.50
1106.02,Bulloch,1267.00,357.00,28.20
1106.02,Walton,1543.00,62.00,4.00
1106.03,Walton,1184.00,84.00,7.10
1107,Bulloch,2397.00,362.00,15.10
1107,Walton,1944.00,286.00,14.70
1108,Bulloch,651.00,142.00,21.80
1108,Walton,1998.00,130.00,6.50
1109,Bulloch,1839.00,123.00,6.70
111,Bibb,403.00,207.00,51.40
111,Fulton,416.00,0.00,0.00
111,Lowndes,343.00,37.00,10.80
111,Muscogee,179.00,43.00,24.00
111.03,Chatham,930.00,49.00,5.30
111.04,Chatham,1271.00,79.00,6.20
111.06,Chatham,1391.00,66.00,4.70
111.07,Chatham,922.00,10.00,1.10
111.08,Chatham,967.00,29.00,3.00
111.09,Chatham,1919.00,22.00,1.20
112,Chatham,267.00,61.00,22.90
112,Dougherty,939.00,336.00,35.80
112,Lowndes,943.00,119.00,12.60
112,Muscogee,319.00,86.00,27.00
112.01,Fulton,827.00,187.00,22.60
112.02,Fulton,838.00,246.00,29.40
113,Chatham,389.00,112.00,28.80
113,Dougherty,518.00,69.00,13.30
113.01,Fulton,902.00,169.00,18.70
113.01,Lowndes,646.00,366.00,56.70
113.02,Lowndes,443.00,113.00,25.50
113.03,Fulton,1883.00,397.00,21.10
113.05,Fulton,942.00,335.00,35.60
113.06,Fulton,527.00,102.00,19.40
114,Chatham,144.00,16.00,11.10
114,Dougherty,323.00,197.00,61.00
114,Muscogee,529.00,208.00,39.30
114.01,Lowndes,527.00,107.00,20.30
114.02,Lowndes,482.00,132.00,27.40
114.03,Lowndes,2232.00,473.00,21.20
114.05,Fulton,1780.00,240.00,13.50
114.10,Fulton,1915.00,15.00,0.80
114.11,Fulton,2216.00,70.00,3.20
114.12,Fulton,2259.00,59.00,2.60
114.14,Fulton,1930.00,30.00,1.60
114.16,Fulton,1317.00,36.00,2.70
114.17,Fulton,1342.00,45.00,3.40
114.18,Fulton,1710.00,14.00,0.80
114.19,Fulton,1423.00,58.00,4.10
114.20,Fulton,1447.00,456.00,31.50
114.21,Fulton,863.00,157.00,18.20
114.22,Fulton,992.00,49.00,4.90
114.23,Fulton,1445.00,52.00,3.60
114.24,Fulton,1480.00,14.00,1.00
114.25,Fulton,1968.00,48.00,2.40
114.26,Fulton,594.00,52.00,8.80
114.27,Fulton,2100.00,45.00,2.10
115,Bibb,225.00,116.00,51.60
115,Chatham,718.00,40.00,5.60
115,Lowndes,917.00,140.00,15.30
115,Muscogee,1378.00,270.00,19.60
115.03,Fulton,2915.00,96.00,3.30
115.04,Fulton,3517.00,64.00,1.80
115.05,Fulton,1258.00,0.00,0.00
115.06,Fulton,1682.00,42.00,2.50
116,Chatham,533.00,121.00,22.70
116,Dougherty,535.00,62.00,11.60
116,Lowndes,1031.00,91.00,8.80
116.10,Fulton,1544.00,127.00,8.20
116.11,Fulton,1759.00,145.00,8.20
116.12,Fulton,1025.00,35.00,3.40
116.13,Fulton,1740.00,150.00,8.60
116.14,Fulton,4109.00,314.00,7.60
116.15,Fulton,2703.00,29.00,1.10
116.16,Fulton,1448.00,54.00,3.70
116.17,Fulton,1934.00,27.00,1.40
116.18,Fulton,1207.00,74.00,6.10
116.19,Fulton,2199.00,129.00,5.90
116.20,Fulton,2865.00,128.00,4.50
116.21,Fulton,1989.00,154.00,7.70
116.22,Fulton,2781.00,166.00,6.00
116.23,Fulton,3362.00,233.00,6.90
116.24,Fulton,1156.00,6.00,0.50
116.25,Fulton,2086.00,63.00,3.00
116.26,Fulton,2415.00,138.00,5.70
117.01,Bibb,607.00,117.00,19.30
117.02,Bibb,979.00,209.00,21.40
118,Bibb,871.00,158.00,18.10
118,Fulton,317.00,84.00,26.50
119,Bibb,394.00,66.00,16.80
119,Fulton,177.00,73.00,41.20
12,Chatham,535.00,360.00,67.30
12,Clarke,775.00,77.00,9.90
12,Floyd,1046.00,146.00,14.00
12,Muscogee,784.00,80.00,10.20
12,Richmond,1043.00,220.00,21.10
12,Whitfield,1721.00,418.00,24.30
12.01,Fulton,578.00,14.00,2.40
12.01,Hall,1508.00,375.00,24.90
12.02,Fulton,531.00,0.00,0.00
12.02,Hall,1327.00,273.00,20.60
120,Bibb,1146.00,22.00,1.90
120,Fulton,366.00,142.00,38.80
1201.01,Paulding,3428.00,80.00,2.30
1201.02,Paulding,3110.00,207.00,6.70
1201.03,Paulding,2598.00,135.00,5.20
1201.04,Paulding,736.00,39.00,5.30
1201.98,Harris,1573.00,164.00,10.40
1202,Harris,904.00,113.00,12.50
1202,Terrell,383.00,90.00,23.50
1202.02,Paulding,2036.00,105.00,5.20
1202.03,Paulding,1290.00,114.00,8.80
1202.04,Paulding,1966.00,183.00,9.30
1203,Harris,2623.00,163.00,6.20
1203,Terrell,714.00,240.00,33.60
1203.01,Paulding,1529.00,231.00,15.10
1203.02,Paulding,3174.00,445.00,14.00
1203.03,Paulding,520.00,45.00,8.70
1204,Paulding,4739.00,654.00,13.80
1204,Terrell,675.00,262.00,38.80
1204.01,Harris,1766.00,22.00,1.30
1204.02,Harris,2240.00,78.00,3.50
1205,Terrell,437.00,66.00,15.10
1205.01,Paulding,1779.00,263.00,14.80
1205.02,Paulding,2319.00,88.00,3.80
1205.03,Paulding,1428.00,87.00,6.10
1206.01,Paulding,1293.00,72.00,5.60
1206.02,Paulding,2700.00,303.00,11.20
1206.03,Paulding,1610.00,150.00,9.30
1206.04,Paulding,1356.00,117.00,8.60
1206.05,Paulding,1551.00,249.00,16.10
121.01,Bibb,514.00,71.00,13.80
121.02,Bibb,1224.00,16.00,1.30
122,Bibb,497.00,190.00,38.20
123,Bibb,516.00,254.00,49.20
123,Fulton,534.00,42.00,7.90
124,Bibb,1127.00,492.00,43.70
125,Bibb,593.00,302.00,50.90
126,Bibb,973.00,404.00,41.50
127,Bibb,390.00,240.00,61.50
128,Bibb,747.00,391.00,52.30
129,Bibb,392.00,155.00,39.50
13,Floyd,1681.00,292.00,17.40
13,Fulton,562.00,29.00,5.20
13,Richmond,351.00,20.00,5.70
13,Whitfield,871.00,319.00,36.60
13.01,Hall,1537.00,191.00,12.40
13.02,Hall,1362.00,105.00,7.70
1301.01,Forsyth,1241.00,79.00,6.40
1301.02,Forsyth,724.00,74.00,10.20
1301.03,Forsyth,1001.00,112.00,11.20
1301.04,Forsyth,1267.00,31.00,2.50
1301.05,Forsyth,671.00,110.00,16.40
1302.01,Forsyth,1372.00,95.00,6.90
1302.02,Forsyth,1152.00,16.00,1.40
1302.03,Forsyth,1347.00,76.00,5.60
1302.04,Forsyth,1368.00,106.00,7.80
1302.05,Forsyth,781.00,66.00,8.50
1303,Clarke,1220.00,462.00,37.90
1303.01,Forsyth,1397.00,119.00,8.50
1303.02,Forsyth,1441.00,26.00,1.80
1303.03,Forsyth,1012.00,29.00,2.90
1303.04,Forsyth,1121.00,10.00,0.90
1303.05,Forsyth,1587.00,35.00,2.20
1303.06,Forsyth,1428.00,38.00,2.70
1303.07,Forsyth,1226.00,63.00,5.10
1304,Clarke,1558.00,237.00,15.20
1304.03,Forsyth,1670.00,108.00,6.50
1304.04,Forsyth,1132.00,33.00,2.90
1304.05,Forsyth,1076.00,42.00,3.90
1304.06,Forsyth,1535.00,202.00,13.20
1304.08,Forsyth,841.00,66.00,7.90
1304.09,Forsyth,711.00,38.00,5.30
1304.10,Forsyth,990.00,80.00,8.10
1305,Clarke,677.00,44.00,6.50
1305.03,Forsyth,715.00,47.00,6.60
1305.04,Forsyth,955.00,73.00,7.60
1305.05,Forsyth,836.00,90.00,10.80
1305.06,Forsyth,965.00,32.00,3.30
1305.07,Forsyth,684.00,0.00,0.00
1305.08,Forsyth,1474.00,7.00,0.50
1305.09,Forsyth,1023.00,0.00,0.00
1305.10,Forsyth,1746.00,81.00,4.60
1306,Clarke,1312.00,127.00,9.70
1306.01,Forsyth,1296.00,130.00,10.00
1306.02,Forsyth,1551.00,100.00,6.50
1306.03,Forsyth,1438.00,70.00,4.90
1306.04,Forsyth,1333.00,9.00,0.70
1306.05,Forsyth,1179.00,14.00,1.20
1306.06,Forsyth,1281.00,24.00,1.90
1306.07,Forsyth,1504.00,33.00,2.20
1306.08,Forsyth,1562.00,130.00,8.30
1306.09,Forsyth,1520.00,63.00,4.10
1306.10,Forsyth,1359.00,32.00,2.40
1306.11,Forsyth,1174.00,34.00,2.90
1306.12,Forsyth,1800.00,25.00,1.40
1306.13,Forsyth,929.00,20.00,2.20
1307,Clarke,1283.00,74.00,5.80
131.01,Bibb,1114.00,425.00,38.20
131.02,Bibb,944.00,329.00,34.90
132.01,Bibb,1531.00,440.00,28.70
132.02,Bibb,612.00,283.00,46.20
133.02,Bibb,883.00,217.00,24.60
134.07,Bibb,1217.00,236.00,19.40
134.08,Bibb,1197.00,19.00,1.60
134.09,Bibb,1046.00,26.00,2.50
134.10,Bibb,1602.00,66.00,4.10
134.11,Bibb,999.00,97.00,9.70
135.02,Bibb,373.00,90.00,24.10
135.03,Bibb,508.00,77.00,15.20
135.04,Bibb,2262.00,198.00,8.80
136.03,Bibb,804.00,69.00,8.60
136.04,Bibb,1319.00,89.00,6.80
136.05,Bibb,1203.00,95.00,7.90
136.06,Bibb,1759.00,27.00,1.50
137,Bibb,256.00,89.00,34.80
138,Bibb,382.00,175.00,45.80
139,Bibb,430.00,204.00,47.40
14,Floyd,1857.00,79.00,4.30
14,Fulton,305.00,17.00,5.60
14,Muscogee,311.00,134.00,43.10
14,Richmond,304.00,143.00,47.00
14,Whitfield,1643.00,161.00,9.80
14.02,Hall,1489.00,116.00,7.80
14.03,Dougherty,637.00,234.00,36.70
14.03,Hall,869.00,133.00,15.30
14.04,Hall,1203.00,137.00,11.40
1401.01,Fayette,2125.00,299.00,14.10
1401.02,Fayette,1508.00,93.00,6.20
1402.03,Fayette,1558.00,35.00,2.30
1402.04,Fayette,1511.00,177.00,11.70
1402.06,Fayette,1252.00,61.00,4.90
1402.07,Fayette,1634.00,28.00,1.70
1402.08,Fayette,2013.00,156.00,7.80
1403,Clarke,1124.00,331.00,29.50
1403.03,Fayette,1269.00,41.00,3.20
1403.04,Fayette,1534.00,66.00,4.30
1403.05,Fayette,1342.00,42.00,3.10
1403.06,Fayette,2165.00,178.00,8.20
1403.07,Fayette,1433.00,7.00,0.50
1404,Clarke,796.00,285.00,35.80
1404.03,Fayette,1418.00,21.00,1.50
1404.04,Fayette,1572.00,70.00,4.50
1404.05,Fayette,1079.00,105.00,9.70
1404.06,Fayette,909.00,140.00,15.40
1404.07,Fayette,2212.00,78.00,3.50
1404.08,Fayette,887.00,30.00,3.40
1405,Clarke,402.00,148.00,36.80
1405.01,Fayette,1751.00,66.00,3.80
1405.02,Fayette,958.00,52.00,5.40
1406,Clarke,1164.00,233.00,20.00
15,Chatham,136.00,34.00,25.00
15,Dougherty,453.00,254.00,56.10
15,Fulton,542.00,0.00,0.00
15,Richmond,136.00,34.00,33.20
15,Whitfield,1624.00,165.00,10.20
15.01,Hall,1305.00,65.00,5.00
15.02,Hall,1169.00,80.00,6.80
1501,Butts,2212.00,280.00,12.70
1502,Butts,1898.00,479.00,25.20
1503,Butts,1486.00,247.00,16.60
1503,Clarke,738.00,72.00,9.80
1504,Clarke,172.00,40.00,23.30
1505,Clarke,633.00,84.00,13.30
1506,Clarke,442.00,90.00,20.40
1507,Clarke,1206.00,158.00,13.10
1508,Clarke,1514.00,200.00,13.20
1509,Clarke,1104.00,220.00,19.90
16,Floyd,725.00,249.00,34.30
16,Fulton,370.00,30.00,8.10
16,Muscogee,512.00,355.00,69.30
16.01,Richmond,1009.00,418.00,41.40
16.02,Richmond,966.00,107.00,11.10
16.03,Hall,1406.00,134.00,9.50
16.04,Hall,1803.00,111.00,6.20
16.05,Hall,1442.00,121.00,8.40
16.06,Hall,859.00,89.00,10.40
16.07,Hall,1359.00,126.00,9.30
16.08,Hall,1736.00,64.00,3.70
1601,Spalding,1459.00,262.00,18.00
1602,Spalding,1819.00,137.00,7.50
1603,Spalding,780.00,286.00,36.70
1604,Spalding,1179.00,456.00,38.70
1605,Spalding,1726.00,107.00,6.20
1606,Spalding,1166.00,109.00,9.40
1607,Spalding,1636.00,320.00,19.60
1608,Spalding,933.00,446.00,47.80
1609,Spalding,569.00,159.00,27.90
1610,Spalding,1353.00,185.00,13.70
1611,Spalding,1005.00,58.00,5.80
1612,Spalding,2230.00,414.00,18.60
17,Clarke,461.00,36.00,7.80
17,Fulton,700.00,93.00,13.30
17.01,Floyd,1752.00,272.00,15.50
17.02,Floyd,1627.00,67.00,4.10
1701,Coweta,2112.00,375.00,17.80
1702,Coweta,2116.00,218.00,10.30
1703.03,Coweta,1571.00,75.00,4.80
1703.04,Coweta,1831.00,87.00,4.80
1703.05,Coweta,2135.00,627.00,29.40
1703.06,Coweta,2448.00,337.00,13.80
1704.02,Coweta,2735.00,144.00,5.30
1704.03,Coweta,1350.00,11.00,0.80
1704.04,Coweta,1488.00,67.00,4.50
1704.05,Coweta,2118.00,10.00,0.50
1704.06,Coweta,1135.00,29.00,2.60
1705.01,Coweta,1935.00,159.00,8.20
1705.02,Coweta,1777.00,110.00,6.20
1705.03,Coweta,1670.00,88.00,5.30
1706.01,Coweta,2043.00,479.00,23.50
1706.02,Coweta,2559.00,51.00,2.00
1706.03,Coweta,1494.00,100.00,6.70
1707,Coweta,2041.00,540.00,26.50
1708.01,Coweta,1387.00,80.00,5.80
1708.02,Coweta,1308.00,88.00,6.70
18,Clarke,508.00,84.00,16.50
18,Floyd,1316.00,199.00,15.10
18,Fulton,597.00,242.00,40.50
18,Muscogee,313.00,128.00,40.90
1801.03,Barrow,1200.00,46.00,3.80
1801.04,Barrow,513.00,108.00,21.10
1801.05,Barrow,761.00,102.00,13.40
1801.06,Barrow,645.00,72.00,11.20
1801.07,Barrow,954.00,139.00,14.60
1801.08,Barrow,721.00,82.00,11.40
1802.03,Barrow,801.00,119.00,14.90
1802.04,Barrow,572.00,115.00,20.10
1802.05,Barrow,894.00,158.00,17.70
1802.06,Barrow,650.00,65.00,10.00
1803.01,Barrow,576.00,10.00,1.70
1803.02,Barrow,1397.00,119.00,8.50
1803.03,Barrow,1129.00,109.00,9.70
1804.01,Barrow,1601.00,58.00,3.60
1804.02,Barrow,1604.00,166.00,10.40
1805.01,Barrow,1384.00,117.00,8.50
1805.02,Barrow,1272.00,193.00,15.20
1805.03,Barrow,1297.00,82.00,6.30
19,Clarke,599.00,185.00,30.90
19,Fulton,208.00,18.00,8.70
2,Dougherty,701.00,342.00,48.80
2,Elbert,851.00,87.00,10.20
2,Fulton,1267.00,0.00,0.00
2,Glynn,1348.00,14.00,1.00
2,Macon,416.00,73.00,17.60
2,Muscogee,655.00,79.00,12.10
2,Richmond,528.00,194.00,36.70
2,Whitfield,1090.00,115.00,10.60
2.01,Floyd,1650.00,207.00,12.60
2.01,Habersham,1161.00,67.00,5.80
2.01,Hall,1428.00,312.00,21.90
2.01,Union,680.00,47.00,6.90
2.02,Floyd,1117.00,46.00,4.10
2.02,Habersham,1436.00,49.00,3.40
2.03,Hall,1164.00,12.00,1.00
2.03,Union,620.00,61.00,9.80
2.04,Hall,1190.00,78.00,6.60
2.04,Union,821.00,47.00,5.70
2.05,Union,1576.00,93.00,5.90
20,Chatham,246.00,49.00,19.90
20,Clarke,389.00,20.00,5.10
20,Floyd,1251.00,175.00,14.00
20,Muscogee,763.00,166.00,21.80
2001,Seminole,711.00,83.00,11.70
2002,Seminole,947.00,197.00,20.80
2003,Seminole,672.00,132.00,19.60
201,Chattahoochee,632.00,97.00,15.40
201,DeKalb,518.00,15.00,2.90
201,Lee,1929.00,222.00,11.50
201,Madison,1246.00,234.00,18.80
201,Walker,1588.00,335.00,21.10
201.05,Houston,1742.00,517.00,29.70
201.06,Houston,802.00,101.00,12.60
201.08,Houston,1396.00,131.00,9.40
201.09,Houston,2509.00,236.00,9.40
202,DeKalb,413.00,30.00,7.30
202,Houston,1319.00,346.00,26.20
202,Lee,411.00,75.00,18.30
202,Madison,1258.00,143.00,11.40
202,Walker,904.00,243.00,26.90
202.01,Chattahoochee,265.00,24.00,9.10
202.03,Chattahoochee,429.00,20.00,4.70
202.05,Chattahoochee,607.00,73.00,12.00
202.06,Chattahoochee,0.00,0.00,
203,DeKalb,960.00,32.00,3.30
203,Houston,1604.00,605.00,37.70
203,Lee,1427.00,163.00,11.40
203,Madison,1150.00,155.00,13.50
203.01,Walker,1296.00,298.00,23.00
203.02,Walker,1524.00,171.00,11.20
204,DeKalb,564.00,37.00,6.60
204,Houston,597.00,267.00,44.70
204,Madison,1332.00,47.00,3.50
204,Walker,864.00,90.00,10.40
204.02,Lee,2325.00,232.00,10.00
204.03,Lee,1808.00,67.00,3.70
205,DeKalb,659.00,99.00,15.00
205,Madison,1775.00,163.00,9.20
205.01,Walker,2202.00,269.00,12.20
205.02,Walker,1877.00,285.00,15.20
206,DeKalb,500.00,166.00,33.20
206,Houston,249.00,15.00,6.00
206,Madison,672.00,117.00,17.40
206.01,Walker,1736.00,70.00,4.00
206.02,Walker,1168.00,98.00,8.40
207,DeKalb,447.00,57.00,12.80
207,Houston,713.00,212.00,29.70
207,Walker,1833.00,297.00,16.20
208,Houston,604.00,125.00,20.70
208,Walker,895.00,107.00,12.00
208.01,DeKalb,585.00,24.00,4.10
208.02,DeKalb,1015.00,118.00,11.60
209,DeKalb,1206.00,51.00,4.20
209,Houston,1071.00,239.00,22.30
209.01,Walker,1668.00,156.00,9.40
209.02,Walker,532.00,48.00,9.00
21,Chatham,448.00,73.00,16.30
21,Clarke,307.00,10.00,3.30
21,Floyd,733.00,137.00,18.70
21,Fulton,341.00,112.00,32.80
21,Muscogee,603.00,150.00,24.90
210,Houston,1579.00,220.00,13.90
211.01,DeKalb,1033.00,12.00,1.20
211.02,DeKalb,1040.00,34.00,3.30
211.03,Houston,3119.00,153.00,4.90
211.04,Houston,1785.00,397.00,22.20
211.05,Houston,1542.00,287.00,18.60
211.07,Houston,2451.00,332.00,13.60
211.08,Houston,1871.00,200.00,10.70
211.13,Houston,4841.00,435.00,9.00
212.01,Houston,2343.00,106.00,4.50
212.02,DeKalb,1880.00,29.00,1.50
212.02,Houston,1464.00,131.00,9.00
212.04,DeKalb,522.00,273.00,52.30
212.08,DeKalb,898.00,113.00,12.60
212.09,DeKalb,1272.00,137.00,10.80
212.10,DeKalb,1666.00,18.00,1.10
212.11,DeKalb,1322.00,18.00,1.40
212.13,DeKalb,1087.00,46.00,4.20
212.14,DeKalb,1663.00,25.00,1.50
212.15,DeKalb,1450.00,130.00,9.00
212.16,DeKalb,1645.00,68.00,4.10
212.17,DeKalb,577.00,38.00,6.60
212.18,DeKalb,1109.00,107.00,9.70
213,Houston,1127.00,190.00,16.90
213.01,DeKalb,644.00,130.00,20.20
213.03,DeKalb,1224.00,217.00,17.70
213.05,DeKalb,1056.00,222.00,21.00
213.06,DeKalb,1059.00,95.00,9.00
213.07,DeKalb,793.00,160.00,20.20
213.08,DeKalb,831.00,170.00,20.50
214,Houston,2068.00,276.00,13.40
214.05,DeKalb,966.00,91.00,9.40
214.09,DeKalb,621.00,188.00,30.30
214.10,DeKalb,1060.00,316.00,29.80
214.11,DeKalb,625.00,28.00,4.50
214.12,DeKalb,847.00,20.00,2.40
214.13,DeKalb,798.00,166.00,20.80
214.14,DeKalb,656.00,169.00,25.80
214.15,DeKalb,762.00,115.00,15.10
214.16,DeKalb,516.00,133.00,25.80
214.17,DeKalb,871.00,247.00,28.40
215,Houston,1136.00,57.00,5.00
215.02,DeKalb,793.00,67.00,8.50
215.03,DeKalb,830.00,93.00,11.20
215.04,DeKalb,827.00,31.00,3.80
216.02,DeKalb,756.00,42.00,5.60
216.03,DeKalb,787.00,0.00,0.00
216.04,DeKalb,837.00,18.00,2.20
216.05,DeKalb,1158.00,258.00,22.30
217.03,DeKalb,1219.00,62.00,5.10
217.04,DeKalb,1533.00,86.00,5.60
217.05,DeKalb,833.00,75.00,9.00
217.06,DeKalb,1433.00,12.00,0.80
218.05,DeKalb,1518.00,167.00,11.00
218.06,DeKalb,1445.00,187.00,12.90
218.08,DeKalb,1149.00,148.00,12.90
218.09,DeKalb,1892.00,53.00,2.80
218.10,DeKalb,1316.00,92.00,7.00
218.12,DeKalb,517.00,42.00,8.10
218.13,DeKalb,632.00,140.00,22.20
218.14,DeKalb,1065.00,262.00,24.60
219.06,DeKalb,1204.00,214.00,17.80
219.07,DeKalb,2291.00,279.00,12.20
219.08,DeKalb,1033.00,427.00,41.30
219.09,DeKalb,1488.00,547.00,36.80
219.10,DeKalb,1207.00,243.00,20.10
219.11,DeKalb,365.00,197.00,54.00
219.12,DeKalb,1119.00,42.00,3.80
219.13,DeKalb,1093.00,446.00,40.80
22,Chatham,879.00,131.00,14.90
22,Clarke,337.00,28.00,8.30
22,Muscogee,647.00,259.00,40.00
220.01,DeKalb,945.00,119.00,12.60
220.04,DeKalb,1259.00,202.00,16.00
220.05,DeKalb,1001.00,314.00,31.40
220.07,DeKalb,817.00,338.00,41.40
220.08,DeKalb,1635.00,757.00,46.30
220.09,DeKalb,967.00,297.00,30.70
220.10,DeKalb,528.00,125.00,23.70
221,DeKalb,756.00,186.00,24.60
222.03,DeKalb,370.00,26.00,7.00
222.04,DeKalb,1614.00,340.00,21.10
223.01,DeKalb,1167.00,77.00,6.60
223.02,DeKalb,993.00,133.00,13.40
224.01,DeKalb,796.00,70.00,8.80
224.02,DeKalb,151.00,5.00,3.30
224.03,DeKalb,1069.00,9.00,0.80
225,DeKalb,1298.00,193.00,14.90
226,DeKalb,1324.00,27.00,2.00
227,DeKalb,1136.00,113.00,10.00
228,DeKalb,819.00,30.00,3.70
229,DeKalb,802.00,33.00,4.10
23,Chatham,436.00,153.00,35.10
23,Fulton,224.00,54.00,24.10
23,Muscogee,393.00,91.00,23.20
230,DeKalb,484.00,5.00,1.00
231.01,DeKalb,970.00,145.00,15.00
231.02,DeKalb,859.00,127.00,14.80
231.07,DeKalb,1068.00,278.00,26.00
231.08,DeKalb,868.00,282.00,32.50
231.11,DeKalb,457.00,71.00,15.50
231.12,DeKalb,878.00,318.00,15.10
231.13,DeKalb,626.00,176.00,28.10
231.14,DeKalb,565.00,134.00,23.70
231.15,DeKalb,0.00,0.00,
232.04,DeKalb,1589.00,366.00,23.00
232.06,DeKalb,1665.00,308.00,18.50
232.08,DeKalb,1490.00,278.00,18.70
232.09,DeKalb,1392.00,184.00,13.20
232.10,DeKalb,1382.00,220.00,15.90
232.11,DeKalb,762.00,55.00,7.20
232.12,DeKalb,764.00,77.00,10.10
232.13,DeKalb,1375.00,188.00,13.70
232.14,DeKalb,1412.00,280.00,19.80
233.03,DeKalb,1499.00,226.00,15.10
233.06,DeKalb,1761.00,263.00,14.90
233.09,DeKalb,2167.00,350.00,16.20
233.10,DeKalb,1967.00,532.00,27.10
233.11,DeKalb,1089.00,117.00,10.70
233.12,DeKalb,2448.00,221.00,9.00
233.13,DeKalb,1180.00,229.00,19.40
233.14,DeKalb,1350.00,88.00,6.50
233.15,DeKalb,1240.00,69.00,5.60
233.16,DeKalb,2122.00,147.00,6.90
234.10,DeKalb,829.00,183.00,22.10
234.11,DeKalb,944.00,186.00,19.70
234.12,DeKalb,1483.00,161.00,10.90
234.13,DeKalb,886.00,84.00,9.50
234.14,DeKalb,1676.00,198.00,11.80
234.16,DeKalb,1691.00,231.00,13.70
234.18,DeKalb,4530.00,488.00,10.80
234.19,DeKalb,2245.00,236.00,10.50
234.21,DeKalb,1753.00,480.00,27.40
234.22,DeKalb,1323.00,163.00,12.30
234.23,DeKalb,1757.00,96.00,5.50
234.24,DeKalb,1376.00,139.00,10.10
234.25,DeKalb,1289.00,91.00,7.10
234.26,DeKalb,1038.00,83.00,8.00
234.27,DeKalb,762.00,43.00,5.60
234.28,DeKalb,2321.00,466.00,20.10
235.01,DeKalb,793.00,204.00,25.70
235.04,DeKalb,697.00,274.00,39.30
235.05,DeKalb,679.00,65.00,9.60
235.06,DeKalb,1339.00,271.00,20.20
235.07,DeKalb,872.00,133.00,15.30
236.01,DeKalb,545.00,89.00,16.30
236.02,DeKalb,478.00,96.00,20.10
236.03,DeKalb,777.00,220.00,28.30
237,DeKalb,993.00,194.00,19.50
238.01,DeKalb,792.00,18.00,2.30
238.02,DeKalb,822.00,239.00,29.10
238.03,DeKalb,1110.00,210.00,18.90
24,Fulton,404.00,115.00,28.50
24,Muscogee,321.00,176.00,54.80
25,Fulton,324.00,119.00,36.70
25,Muscogee,242.00,180.00,74.40
26,Chatham,331.00,36.00,10.90
26,Fulton,266.00,145.00,54.50
27,Chatham,642.00,132.00,20.60
27,Muscogee,424.00,288.00,67.90
28,Chatham,425.00,156.00,36.70
28,Fulton,250.00,73.00,29.20
28,Muscogee,400.00,127.00,31.80
29,Chatham,835.00,55.00,6.60
29,Fulton,288.00,5.00,1.70
29.01,Muscogee,583.00,124.00,21.30
29.02,Muscogee,539.00,183.00,34.00
3,Chatham,198.00,0.00,0.00
3,Elbert,1023.00,173.00,16.90
3,Floyd,344.00,28.00,8.10
3,Glynn,1940.00,123.00,6.30
3,Habersham,960.00,105.00,10.90
3,Macon,734.00,229.00,31.20
3,Muscogee,271.00,54.00,19.90
3,Richmond,187.00,48.00,25.70
3.01,Whitfield,1000.00,178.00,17.80
3.02,Hall,1927.00,108.00,5.60
3.02,Whitfield,2480.00,137.00,5.50
3.03,Hall,645.00,75.00,11.60
3.04,Hall,996.00,55.00,5.50
3.05,Hall,1358.00,84.00,6.20
30,Chatham,531.00,53.00,10.00
30,Fulton,546.00,0.00,0.00
30,Muscogee,658.00,305.00,46.40
301,Catoosa,1676.00,227.00,13.50
301,Clarke,948.00,423.00,44.60
301,Effingham,989.00,49.00,5.00
301,Oconee,3286.00,106.00,3.20
301.01,Cobb,2209.00,291.00,13.20
301.01,Jones,823.00,0.00,0.00
301.02,Columbia,2970.00,42.00,1.40
301.03,Cobb,2410.00,133.00,5.50
301.03,Columbia,906.00,24.00,2.70
301.03,Jones,612.00,73.00,11.90
301.04,Cobb,871.00,110.00,12.60
301.04,Jones,1954.00,331.00,16.90
301.05,Columbia,1408.00,56.00,4.00
301.06,Cobb,1821.00,244.00,13.40
301.06,Columbia,1077.00,108.00,10.00
301.07,Cobb,1304.00,20.00,1.50
302,Clarke,771.00,352.00,45.70
302,Jones,904.00,125.00,13.80
302,Oconee,1651.00,192.00,11.60
302.01,Catoosa,1240.00,132.00,10.70
302.01,Columbia,1288.00,62.00,4.80
302.02,Catoosa,1782.00,51.00,2.90
302.02,Columbia,822.00,93.00,11.30
302.02,Effingham,1479.00,146.00,9.90
302.03,Columbia,1716.00,96.00,5.60
302.03,Effingham,2207.00,189.00,8.60
302.04,Effingham,914.00,132.00,14.40
302.09,Cobb,2017.00,13.00,0.60
302.14,Cobb,2093.00,86.00,4.10
302.15,Cobb,2401.00,113.00,4.70
302.18,Cobb,1556.00,42.00,2.70
302.19,Cobb,2632.00,119.00,4.50
302.20,Cobb,492.00,9.00,1.80
302.22,Cobb,1600.00,106.00,6.60
302.23,Cobb,1493.00,0.00,0.00
302.24,Cobb,1755.00,97.00,5.50
302.26,Cobb,2425.00,109.00,4.50
302.27,Cobb,1901.00,90.00,4.70
302.28,Cobb,1421.00,171.00,12.00
302.29,Cobb,660.00,57.00,8.60
302.30,Cobb,3468.00,172.00,5.00
302.31,Cobb,2382.00,44.00,1.90
302.32,Cobb,1688.00,16.00,1.00
302.33,Cobb,1200.00,26.00,2.20
302.34,Cobb,1815.00,50.00,2.80
302.35,Cobb,1377.00,32.00,2.30
302.36,Cobb,1296.00,30.00,2.30
302.38,Cobb,1923.00,46.00,2.40
302.39,Cobb,2283.00,82.00,3.60
303,Oconee,1541.00,64.00,4.20
303.01,Catoosa,2093.00,97.00,4.60
303.01,Effingham,1360.00,51.00,3.80
303.01,Jones,1849.00,113.00,6.10
303.02,Columbia,3227.00,258.00,8.00
303.02,Jones,1768.00,209.00,11.80
303.03,Catoosa,982.00,37.00,3.80
303.03,Effingham,666.00,92.00,13.80
303.04,Catoosa,988.00,54.00,5.50
303.04,Columbia,2031.00,32.00,1.60
303.04,Effingham,1753.00,121.00,6.90
303.05,Effingham,2027.00,67.00,3.30
303.06,Columbia,1464.00,105.00,7.20
303.07,Columbia,1832.00,49.00,2.70
303.08,Columbia,2538.00,122.00,4.80
303.09,Columbia,2693.00,103.00,3.80
303.10,Cobb,2215.00,115.00,5.20
303.11,Cobb,1656.00,99.00,6.00
303.12,Cobb,1778.00,0.00,0.00
303.13,Cobb,2363.00,26.00,1.10
303.14,Cobb,2239.00,93.00,4.20
303.18,Cobb,2350.00,49.00,2.10
303.19,Cobb,1076.00,34.00,3.20
303.20,Cobb,2130.00,80.00,3.80
303.22,Cobb,1004.00,7.00,0.70
303.24,Cobb,1041.00,23.00,2.20
303.26,Cobb,1340.00,19.00,1.40
303.27,Cobb,1258.00,19.00,1.50
303.28,Cobb,1942.00,0.00,0.00
303.29,Cobb,1213.00,39.00,3.20
303.30,Cobb,1671.00,30.00,1.80
303.31,Cobb,1656.00,21.00,1.30
303.32,Cobb,926.00,29.00,3.10
303.33,Cobb,1763.00,54.00,3.10
303.34,Cobb,989.00,33.00,3.30
303.35,Cobb,1450.00,35.00,2.40
303.36,Cobb,2184.00,51.00,2.30
303.37,Cobb,1329.00,26.00,2.00
303.39,Cobb,933.00,28.00,3.00
303.40,Cobb,1184.00,8.00,0.70
303.41,Cobb,1249.00,21.00,1.70
303.42,Cobb,1365.00,39.00,2.90
303.43,Cobb,1391.00,36.00,2.60
303.44,Cobb,655.00,129.00,19.70
303.45,Cobb,1123.00,205.00,18.30
304,Oconee,1942.00,95.00,4.90
304.01,Catoosa,1945.00,89.00,4.60
304.01,Columbia,605.00,73.00,12.10
304.01,Effingham,1291.00,77.00,6.00
304.02,Catoosa,1857.00,196.00,10.60
304.02,Columbia,2337.00,229.00,9.80
304.02,Effingham,1560.00,196.00,12.60
304.05,Cobb,1413.00,158.00,11.20
304.07,Cobb,1238.00,105.00,8.50
304.08,Cobb,954.00,71.00,7.40
304.09,Cobb,1005.00,40.00,4.00
304.10,Cobb,1161.00,103.00,8.90
304.11,Cobb,734.00,270.00,36.80
304.12,Cobb,1097.00,291.00,26.50
304.13,Cobb,1443.00,396.00,27.40
304.14,Cobb,678.00,142.00,20.90
305,Catoosa,1432.00,171.00,11.90
305,Oconee,627.00,19.00,3.00
305.02,Cobb,1878.00,99.00,5.30
305.03,Columbia,2069.00,220.00,10.60
305.04,Cobb,1679.00,273.00,16.30
305.04,Columbia,931.00,150.00,16.10
305.05,Cobb,1664.00,179.00,10.80
305.05,Columbia,1752.00,216.00,12.30
305.06,Cobb,1054.00,66.00,6.30
305.06,Columbia,3088.00,381.00,12.30
305.07,Cobb,1442.00,92.00,6.40
306,Catoosa,1341.00,138.00,10.30
306,Oconee,813.00,57.00,7.00
306.01,Cobb,1718.00,141.00,8.20
306.02,Cobb,1762.00,68.00,3.90
306.03,Columbia,1034.00,193.00,18.70
307,Catoosa,2055.00,354.00,17.20
307,Cobb,1098.00,149.00,13.60
308,Cobb,731.00,226.00,30.90
309.01,Cobb,2153.00,124.00,5.80
309.02,Cobb,1458.00,146.00,10.00
309.04,Cobb,1696.00,434.00,25.60
309.05,Cobb,1363.00,216.00,15.90
31,Fulton,329.00,34.00,10.30
310.01,Cobb,1164.00,451.00,38.80
310.02,Cobb,2149.00,630.00,29.30
310.04,Cobb,1755.00,501.00,28.60
310.05,Cobb,1240.00,216.00,17.40
311.01,Cobb,1226.00,331.00,27.00
311.06,Cobb,2165.00,186.00,8.60
311.08,Cobb,1102.00,141.00,12.80
311.10,Cobb,799.00,129.00,16.20
311.11,Cobb,784.00,74.00,9.40
311.12,Cobb,1533.00,45.00,2.90
311.13,Cobb,242.00,110.00,45.50
311.14,Cobb,1718.00,324.00,18.90
311.15,Cobb,1140.00,199.00,17.50
311.16,Cobb,984.00,211.00,21.40
311.17,Cobb,1530.00,160.00,10.50
311.18,Cobb,1496.00,133.00,8.90
312.05,Cobb,1410.00,92.00,6.50
312.06,Cobb,2533.00,68.00,2.70
312.07,Cobb,990.00,35.00,3.50
312.08,Cobb,1641.00,68.00,4.10
312.09,Cobb,1366.00,40.00,2.90
312.11,Cobb,736.00,0.00,0.00
312.12,Cobb,775.00,24.00,3.10
313.06,Cobb,1095.00,201.00,18.40
313.07,Cobb,1645.00,61.00,3.70
313.08,Cobb,1402.00,189.00,13.50
313.09,Cobb,2004.00,317.00,15.80
313.10,Cobb,1723.00,632.00,36.70
313.11,Cobb,2318.00,602.00,26.00
313.12,Cobb,2370.00,214.00,9.00
313.13,Cobb,2866.00,100.00,3.50
314.04,Cobb,1475.00,59.00,4.00
314.05,Cobb,2184.00,362.00,16.60
314.06,Cobb,1870.00,399.00,21.30
314.08,Cobb,1251.00,40.00,3.20
314.09,Cobb,1282.00,212.00,16.50
315.03,Cobb,2456.00,256.00,10.40
315.05,Cobb,1643.00,135.00,8.20
315.06,Cobb,1187.00,204.00,17.20
315.07,Cobb,853.00,188.00,22.00
315.08,Cobb,1511.00,53.00,3.50
315.09,Cobb,2740.00,66.00,2.40
32,Fulton,329.00,7.00,2.10
32,Muscogee,367.00,206.00,56.10
33.01,Chatham,510.00,109.00,21.40
33.01,Muscogee,309.00,58.00,18.80
33.02,Chatham,421.00,79.00,18.80
33.02,Muscogee,531.00,172.00,32.40
34,Chatham,882.00,130.00,14.70
34,Muscogee,460.00,266.00,57.80
35,Fulton,115.00,0.00,0.00
35.01,Chatham,632.00,139.00,22.00
35.02,Chatham,908.00,191.00,21.00
36,Fulton,117.00,27.00,23.10
36.01,Chatham,846.00,282.00,33.30
36.02,Chatham,1022.00,273.00,26.70
37,Chatham,462.00,134.00,29.00
37,Fulton,0.00,0.00,
38,Chatham,481.00,90.00,18.70
38,Fulton,37.00,3.00,8.10
39,Chatham,919.00,144.00,15.70
39,Fulton,393.00,124.00,31.60
4,Dougherty,1498.00,307.00,20.50
4,Elbert,996.00,282.00,28.30
4,Floyd,1966.00,405.00,20.60
4,Fulton,322.00,6.00,1.90
4,Habersham,1274.00,99.00,7.80
4,Hall,1542.00,177.00,11.50
4,Macon,1301.00,335.00,25.80
4,Muscogee,666.00,38.00,5.70
4,Whitfield,1496.00,401.00,26.80
4.01,Clarke,218.00,54.00,24.80
4.01,Glynn,2150.00,328.00,15.30
4.02,Clarke,6.00,3.00,50.00
4.03,Glynn,892.00,82.00,9.20
4.04,Glynn,3253.00,390.00,12.00
40,Fulton,442.00,133.00,30.10
40.01,Chatham,1030.00,92.00,8.90
40.02,Chatham,722.00,89.00,12.30
401.01,Dade,1288.00,97.00,7.50
401.01,Peach,533.00,26.00,4.90
401.02,Dade,969.00,83.00,8.60
401.02,Peach,2790.00,358.00,12.80
402,Dade,1230.00,158.00,12.90
402,Peach,1076.00,220.00,20.50
402.02,Clayton,537.00,161.00,30.00
402.03,Clayton,711.00,150.00,21.10
402.04,Clayton,696.00,123.00,17.70
403,Dade,922.00,139.00,15.10
403.01,Peach,763.00,91.00,11.90
403.02,Clayton,1041.00,322.00,30.90
403.02,Peach,417.00,131.00,31.40
403.03,Clayton,1478.00,468.00,31.70
403.06,Clayton,926.00,326.00,35.20
403.07,Clayton,997.00,239.00,24.00
403.08,Clayton,766.00,192.00,25.10
404,Peach,914.00,258.00,28.20
404.07,Clayton,813.00,107.00,13.20
404.08,Clayton,1756.00,258.00,14.70
404.09,Clayton,1362.00,81.00,6.00
404.10,Clayton,1408.00,228.00,16.20
404.11,Clayton,3261.00,165.00,5.10
404.12,Clayton,1745.00,461.00,26.40
404.13,Clayton,1595.00,266.00,16.70
404.14,Clayton,439.00,73.00,16.60
404.15,Clayton,1250.00,500.00,40.00
404.16,Clayton,826.00,137.00,16.60
404.17,Clayton,1082.00,425.00,39.30
405.09,Clayton,1226.00,135.00,11.00
405.10,Clayton,762.00,151.00,19.80
405.12,Clayton,1374.00,233.00,17.00
405.13,Clayton,1131.00,123.00,10.90
405.14,Clayton,1760.00,426.00,24.20
405.15,Clayton,1714.00,333.00,19.40
405.16,Clayton,1382.00,491.00,35.50
405.18,Clayton,1170.00,233.00,19.90
405.19,Clayton,668.00,207.00,31.00
405.20,Clayton,643.00,250.00,38.90
405.21,Clayton,756.00,195.00,25.80
405.22,Clayton,1027.00,302.00,29.40
405.23,Clayton,762.00,204.00,26.80
405.24,Clayton,1781.00,219.00,12.30
405.25,Clayton,793.00,182.00,23.00
405.26,Clayton,1420.00,413.00,29.10
406.06,Clayton,616.00,100.00,16.20
406.08,Clayton,2708.00,292.00,10.80
406.09,Clayton,1280.00,42.00,3.30
406.11,Clayton,1419.00,448.00,31.60
406.12,Clayton,1167.00,425.00,36.40
406.13,Clayton,2149.00,432.00,20.10
406.14,Clayton,1237.00,66.00,5.30
406.15,Clayton,489.00,49.00,10.00
406.16,Clayton,1953.00,448.00,22.90
406.17,Clayton,283.00,89.00,31.50
406.19,Clayton,697.00,131.00,18.80
406.20,Clayton,862.00,93.00,10.80
406.21,Clayton,2384.00,292.00,12.30
406.22,Clayton,1696.00,365.00,21.50
41,Chatham,503.00,28.00,5.60
41,Fulton,386.00,105.00,27.20
42,Fulton,398.00,121.00,30.40
42.07,Chatham,891.00,284.00,31.90
42.08,Chatham,1121.00,120.00,10.70
42.09,Chatham,603.00,132.00,21.90
42.10,Chatham,1190.00,251.00,21.10
42.11,Chatham,1169.00,120.00,10.30
42.12,Chatham,1203.00,64.00,5.30
43,Chatham,541.00,54.00,10.00
43,Fulton,214.00,80.00,37.40
44,Chatham,571.00,173.00,30.30
44,Fulton,484.00,202.00,41.70
45,Chatham,1013.00,312.00,30.80
48,Fulton,165.00,69.00,41.80
4803,Hancock,535.00,57.00,10.70
4804,Hancock,1112.00,360.00,32.40
49,Fulton,589.00,98.00,16.60
5,Elbert,1454.00,239.00,16.40
5,Floyd,830.00,301.00,36.30
5,Fulton,912.00,39.00,4.30
5,Habersham,1533.00,359.00,23.40
5,Hall,1891.00,232.00,12.30
5.01,Dougherty,1197.00,69.00,5.80
5.01,Glynn,952.00,205.00,21.50
5.01,Whitfield,906.00,128.00,14.10
5.02,Dougherty,1256.00,36.00,2.90
5.02,Whitfield,1371.00,443.00,32.30
5.03,Glynn,1010.00,226.00,22.40
5.04,Glynn,706.00,177.00,25.10
50,Fulton,291.00,9.00,3.10
501,Fannin,1098.00,125.00,11.40
501,Pickens,1870.00,31.00,1.70
501.01,Monroe,1632.00,246.00,15.10
501.02,Monroe,1047.00,128.00,12.20
501.03,Gwinnett,2717.00,200.00,7.40
501.05,Gwinnett,857.00,147.00,17.20
501.06,Gwinnett,2735.00,273.00,10.00
501.07,Gwinnett,1866.00,65.00,3.50
501.08,Gwinnett,2654.00,69.00,2.60
501.09,Gwinnett,1887.00,183.00,9.70
502,Fannin,1679.00,162.00,9.70
502,Monroe,1131.00,216.00,19.10
502,Pickens,1690.00,40.00,2.40
502.05,Gwinnett,1102.00,52.00,4.70
502.08,Gwinnett,1581.00,80.00,5.10
502.09,Gwinnett,2271.00,336.00,14.80
502.10,Gwinnett,1734.00,196.00,11.30
502.11,Gwinnett,1342.00,259.00,19.30
502.12,Gwinnett,3535.00,44.00,1.20
502.13,Gwinnett,3408.00,314.00,9.20
502.14,Gwinnett,2465.00,170.00,6.90
502.15,Gwinnett,816.00,164.00,20.10
502.16,Gwinnett,2222.00,92.00,4.10
502.17,Gwinnett,2960.00,123.00,4.20
502.18,Gwinnett,923.00,60.00,6.50
502.19,Gwinnett,963.00,82.00,8.50
502.20,Gwinnett,1417.00,292.00,20.60
503,Fannin,675.00,75.00,11.10
503,Pickens,1145.00,108.00,9.40
503.01,Monroe,1211.00,30.00,2.50
503.02,Monroe,1807.00,69.00,3.80
503.04,Gwinnett,1056.00,222.00,21.00
503.06,Gwinnett,861.00,226.00,26.30
503.08,Gwinnett,1082.00,13.00,1.20
503.09,Gwinnett,2330.00,115.00,4.90
503.10,Gwinnett,1471.00,35.00,2.40
503.11,Gwinnett,705.00,39.00,5.50
503.13,Gwinnett,1959.00,389.00,19.90
503.14,Gwinnett,2249.00,257.00,11.40
503.15,Gwinnett,1177.00,178.00,15.10
503.17,Gwinnett,742.00,195.00,26.30
503.18,Gwinnett,580.00,63.00,10.90
503.19,Gwinnett,1381.00,397.00,28.80
503.20,Gwinnett,1192.00,313.00,26.30
503.21,Gwinnett,1339.00,30.00,2.20
503.22,Gwinnett,1415.00,18.00,1.30
504,Fannin,1828.00,371.00,20.30
504,Pickens,1036.00,166.00,16.00
504.10,Gwinnett,1292.00,314.00,24.30
504.15,Gwinnett,983.00,49.00,5.00
504.16,Gwinnett,814.00,154.00,18.90
504.17,Gwinnett,1167.00,381.00,32.70
504.18,Gwinnett,1533.00,546.00,35.60
504.19,Gwinnett,1706.00,365.00,21.40
504.21,Gwinnett,1755.00,551.00,31.40
504.22,Gwinnett,1828.00,550.00,30.10
504.23,Gwinnett,1706.00,153.00,9.00
504.24,Gwinnett,1660.00,348.00,21.00
504.25,Gwinnett,1499.00,81.00,5.40
504.26,Gwinnett,1880.00,161.00,8.60
504.27,Gwinnett,1557.00,73.00,4.70
504.28,Gwinnett,1615.00,104.00,6.40
504.29,Gwinnett,2016.00,46.00,2.30
504.30,Gwinnett,1414.00,134.00,9.50
504.31,Gwinnett,2088.00,340.00,16.30
504.32,Gwinnett,1422.00,179.00,12.60
504.33,Gwinnett,544.00,67.00,12.30
504.34,Gwinnett,1636.00,520.00,31.80
504.35,Gwinnett,858.00,129.00,15.00
504.36,Gwinnett,1706.00,244.00,14.30
505,Fannin,1390.00,158.00,11.40
505,Pickens,1253.00,128.00,10.20
505.11,Gwinnett,2827.00,447.00,15.80
505.20,Gwinnett,1128.00,176.00,15.60
505.21,Gwinnett,1296.00,233.00,18.00
505.22,Gwinnett,1106.00,346.00,31.30
505.23,Gwinnett,1640.00,79.00,4.80
505.24,Gwinnett,1409.00,233.00,16.50
505.25,Gwinnett,2157.00,104.00,4.80
505.26,Gwinnett,1043.00,216.00,20.70
505.27,Gwinnett,1603.00,107.00,6.70
505.28,Gwinnett,1356.00,71.00,5.20
505.29,Gwinnett,1033.00,82.00,7.90
505.30,Gwinnett,1640.00,47.00,2.90
505.31,Gwinnett,2034.00,269.00,13.20
505.32,Gwinnett,1867.00,195.00,10.40
505.33,Gwinnett,2054.00,242.00,11.80
505.34,Gwinnett,1982.00,127.00,6.40
505.35,Gwinnett,1922.00,355.00,18.50
505.36,Gwinnett,1157.00,243.00,21.00
505.37,Gwinnett,1140.00,250.00,21.90
505.38,Gwinnett,1935.00,100.00,5.20
505.39,Gwinnett,1359.00,290.00,21.30
505.40,Gwinnett,1709.00,65.00,3.80
505.41,Gwinnett,1155.00,211.00,18.30
505.42,Gwinnett,1108.00,363.00,32.80
505.43,Gwinnett,1809.00,91.00,5.00
505.44,Gwinnett,2996.00,172.00,5.70
505.45,Gwinnett,2932.00,316.00,10.80
505.46,Gwinnett,3636.00,670.00,18.40
505.47,Gwinnett,1918.00,129.00,6.70
505.48,Gwinnett,2266.00,152.00,6.70
505.49,Gwinnett,1338.00,45.00,3.40
506,Pickens,1597.00,113.00,7.10
506.05,Gwinnett,3872.00,462.00,11.90
506.06,Gwinnett,6056.00,240.00,4.00
506.07,Gwinnett,4676.00,175.00,3.70
506.08,Gwinnett,4173.00,243.00,5.80
506.09,Gwinnett,3097.00,317.00,10.20
506.10,Gwinnett,4205.00,155.00,3.70
507.09,Gwinnett,3039.00,446.00,14.70
507.12,Gwinnett,2033.00,196.00,9.60
507.13,Gwinnett,2131.00,81.00,3.80
507.14,Gwinnett,1503.00,99.00,6.60
507.15,Gwinnett,1495.00,128.00,8.60
507.18,Gwinnett,2205.00,54.00,2.50
507.19,Gwinnett,1292.00,157.00,12.20
507.20,Gwinnett,1896.00,116.00,6.10
507.21,Gwinnett,2142.00,273.00,12.80
507.22,Gwinnett,761.00,110.00,14.50
507.23,Gwinnett,2038.00,293.00,14.40
507.24,Gwinnett,4218.00,289.00,6.90
507.25,Gwinnett,1475.00,150.00,10.20
507.26,Gwinnett,2394.00,144.00,6.00
507.27,Gwinnett,2809.00,186.00,6.60
507.28,Gwinnett,3671.00,359.00,9.80
507.29,Gwinnett,796.00,145.00,18.20
507.30,Gwinnett,1887.00,51.00,2.70
507.31,Gwinnett,2427.00,104.00,4.30
52,Fulton,1186.00,141.00,11.90
53,Fulton,838.00,97.00,11.60
55.01,Fulton,400.00,176.00,44.00
55.02,Fulton,363.00,129.00,35.50
57,Fulton,276.00,102.00,37.00
58,Fulton,344.00,115.00,33.40
6,Clarke,313.00,148.00,47.30
6,Dougherty,766.00,92.00,12.00
6,Floyd,1059.00,215.00,20.30
6,Fulton,223.00,17.00,7.60
6,Glynn,1571.00,246.00,15.70
6,Hall,1181.00,167.00,14.10
6,Richmond,487.00,197.00,40.50
6,Whitfield,1181.00,139.00,11.80
6.01,Chatham,764.00,211.00,27.60
6.01,Habersham,1050.00,126.00,12.00
6.02,Habersham,2017.00,441.00,21.90
60,Fulton,530.00,192.00,36.20
601,Twiggs,1153.00,224.00,19.40
601.01,Rockdale,786.00,32.00,4.10
601.02,Rockdale,1422.00,188.00,13.20
602,Twiggs,894.00,224.00,25.10
602.01,Rockdale,925.00,242.00,26.20
602.02,Rockdale,2563.00,245.00,9.60
603.04,Rockdale,1253.00,361.00,28.80
603.05,Rockdale,1217.00,348.00,28.60
603.06,Rockdale,705.00,52.00,7.40
603.07,Rockdale,2759.00,245.00,8.90
603.08,Rockdale,1552.00,429.00,27.60
603.09,Rockdale,1278.00,359.00,28.10
604.03,Rockdale,981.00,38.00,3.90
604.04,Rockdale,1603.00,151.00,9.40
604.05,Rockdale,1859.00,71.00,3.80
604.06,Rockdale,1440.00,101.00,7.00
604.07,Rockdale,921.00,101.00,11.00
61,Fulton,854.00,294.00,34.40
62,Fulton,280.00,76.00,27.10
63,Fulton,321.00,136.00,42.40
64,Fulton,228.00,44.00,19.30
65,Fulton,678.00,199.00,29.40
66.01,Fulton,368.00,83.00,22.60
66.02,Fulton,260.00,153.00,58.90
67,Fulton,588.00,238.00,40.50
68.01,Fulton,0.00,0.00,
68.02,Fulton,358.00,320.00,89.40
69,Fulton,680.00,166.00,24.40
7,Dougherty,415.00,61.00,14.70
7,Floyd,1335.00,92.00,6.90
7,Fulton,117.00,5.00,4.30
7,Glynn,2049.00,614.00,30.00
7,Richmond,167.00,50.00,29.90
7,Whitfield,1269.00,172.00,13.60
7.01,Hall,1559.00,307.00,19.70
7.02,Hall,1108.00,197.00,17.80
70.01,Fulton,834.00,310.00,37.20
70.02,Fulton,455.00,177.00,38.90
701,Crawford,960.00,165.00,17.20
701.04,Henry,3515.00,559.00,15.90
701.06,Henry,1715.00,298.00,17.40
701.07,Henry,1979.00,238.00,12.00
701.08,Henry,1172.00,124.00,10.60
701.09,Henry,965.00,16.00,1.70
701.10,Henry,2189.00,237.00,10.80
701.11,Henry,2309.00,355.00,15.40
701.13,Henry,1044.00,142.00,13.60
701.14,Henry,1460.00,203.00,13.90
702.01,Crawford,1493.00,239.00,16.00
702.02,Crawford,923.00,131.00,14.20
702.02,Henry,3032.00,117.00,3.90
702.03,Henry,3890.00,126.00,3.20
702.04,Henry,1263.00,60.00,4.80
702.05,Henry,2836.00,361.00,12.70
703.04,Henry,2388.00,380.00,15.90
703.05,Henry,2549.00,170.00,6.70
703.06,Henry,2472.00,97.00,3.90
703.07,Henry,1063.00,43.00,4.10
703.09,Henry,1933.00,38.00,2.00
703.10,Henry,1154.00,39.00,44.70
703.11,Henry,2811.00,462.00,16.40
704.02,Henry,3083.00,300.00,9.70
704.03,Henry,2678.00,231.00,8.60
704.04,Henry,1933.00,133.00,6.90
705.01,Henry,1948.00,334.00,17.20
705.02,Henry,3744.00,328.00,8.80
71,Fulton,418.00,125.00,29.90
72,Fulton,469.00,135.00,28.80
73,Fulton,1657.00,834.00,50.30
74,Fulton,455.00,219.00,48.10
75,Fulton,436.00,147.00,33.70
76.02,Fulton,633.00,175.00,27.70
76.03,Fulton,820.00,475.00,57.90
76.04,Fulton,399.00,185.00,46.40
77.03,Fulton,927.00,133.00,14.40
77.04,Fulton,1174.00,312.00,26.60
77.05,Fulton,903.00,390.00,43.20
77.06,Fulton,2008.00,199.00,9.90
78.02,Fulton,2020.00,432.00,21.40
78.05,Fulton,582.00,146.00,25.10
78.06,Fulton,1274.00,411.00,32.30
78.07,Fulton,680.00,393.00,57.80
78.08,Fulton,993.00,784.00,79.00
7801,Wheeler,740.00,193.00,26.10
7802,Wheeler,690.00,136.00,19.70
79,Fulton,1271.00,97.00,7.60
7901,Bleckley,1114.00,123.00,11.00
7901,Randolph,406.00,84.00,20.70
7902,Bleckley,483.00,93.00,19.30
7902,Randolph,1425.00,334.00,23.40
7903,Bleckley,1152.00,237.00,20.60
8,Dougherty,328.00,209.00,63.70
8,Floyd,1179.00,81.00,6.90
8,Glynn,882.00,493.00,55.90
8,Hall,609.00,254.00,41.70
8,Muscogee,525.00,102.00,19.40
8,Whitfield,1975.00,135.00,6.80
80,Fulton,1240.00,248.00,20.00
801,Gilmer,1154.00,163.00,14.10
801.02,Douglas,1809.00,406.00,22.40
801.03,Douglas,1429.00,292.00,20.40
802,Gilmer,1633.00,113.00,6.90
802.01,Douglas,1393.00,248.00,17.80
802.02,Douglas,2632.00,425.00,16.20
803,Gilmer,1515.00,232.00,15.30
803.01,Douglas,2907.00,731.00,25.20
803.03,Douglas,921.00,149.00,16.20
803.04,Douglas,1093.00,243.00,22.20
804,Gilmer,2452.00,361.00,14.70
804.02,Douglas,2139.00,16.00,0.80
804.03,Douglas,1224.00,127.00,10.40
804.04,Douglas,2231.00,338.00,15.20
805,Gilmer,1090.00,106.00,9.70
805.05,Douglas,1144.00,192.00,16.80
805.06,Douglas,1333.00,147.00,11.00
805.07,Douglas,945.00,60.00,6.40
805.08,Douglas,1184.00,45.00,3.80
805.09,Douglas,1640.00,16.00,1.00
805.10,Douglas,1972.00,221.00,11.20
805.11,Douglas,2287.00,52.00,2.30
806.02,Douglas,1524.00,116.00,7.60
806.03,Douglas,1736.00,123.00,7.10
806.04,Douglas,2626.00,338.00,12.90
81.01,Fulton,259.00,80.00,30.90
81.02,Fulton,1505.00,507.00,33.70
82.01,Fulton,1036.00,167.00,16.10
82.02,Fulton,469.00,150.00,32.00
83.01,Fulton,478.00,87.00,18.20
83.02,Fulton,260.00,62.00,23.90
84,Fulton,376.00,192.00,51.10
85,Fulton,495.00,39.00,7.90
86.01,Fulton,843.00,411.00,48.80
86.02,Fulton,253.00,38.00,15.00
87,Fulton,741.00,239.00,32.30
88,Fulton,1316.00,50.00,3.80
8801,Echols,416.00,127.00,30.50
8802,Echols,603.00,122.00,20.20
89.02,Fulton,902.00,64.00,7.10
89.03,Fulton,295.00,36.00,12.20
89.04,Fulton,1039.00,117.00,11.30
8901.01,Franklin,1073.00,238.00,22.20
8901.02,Franklin,1058.00,165.00,15.60
8902,Franklin,1512.00,275.00,18.20
8903,Franklin,767.00,119.00,15.50
8904,Franklin,1277.00,269.00,21.10
9,Chatham,220.00,8.00,3.60
9,Clarke,609.00,370.00,60.80
9,Dougherty,493.00,145.00,29.40
9,Floyd,655.00,169.00,25.80
9,Glynn,1025.00,224.00,21.90
9,Hall,1270.00,152.00,12.00
9,Muscogee,505.00,56.00,11.10
9,Richmond,295.00,139.00,47.10
9,Whitfield,907.00,112.00,12.40
90,Fulton,1167.00,0.00,0.00
901,Cherokee,2448.00,114.00,4.70
901,Early,309.00,99.00,32.00
901,Mitchell,882.00,193.00,21.90
902,Cherokee,2067.00,135.00,6.50
902,Early,592.00,203.00,34.30
902,Mitchell,863.00,166.00,19.20
903,Cherokee,3557.00,160.00,4.50
903,Early,306.00,33.00,10.80
903,Mitchell,534.00,189.00,35.40
904,Cherokee,2294.00,403.00,17.60
904,Early,950.00,208.00,21.90
904,Mitchell,1538.00,360.00,23.40
905,Early,568.00,179.00,31.50
905,Mitchell,1591.00,312.00,19.60
905.01,Cherokee,1715.00,133.00,7.80
905.02,Cherokee,3464.00,66.00,1.90
906.01,Cherokee,1609.00,307.00,19.10
906.02,Cherokee,2067.00,276.00,13.40
907.01,Cherokee,5390.00,427.00,7.90
907.02,Cherokee,2066.00,240.00,11.60
908.02,Cherokee,2171.00,234.00,10.80
908.03,Cherokee,3037.00,130.00,4.30
908.04,Cherokee,2667.00,140.00,5.30
909.01,Cherokee,2081.00,120.00,5.80
909.02,Cherokee,4144.00,176.00,4.30
909.04,Cherokee,2239.00,240.00,10.70
909.05,Cherokee,957.00,59.00,6.20
91.01,Fulton,771.00,21.00,2.70
91.02,Fulton,446.00,35.00,7.90
910.01,Cherokee,1166.00,181.00,15.50
910.03,Cherokee,1656.00,195.00,11.80
910.05,Cherokee,1856.00,248.00,13.40
910.06,Cherokee,1359.00,66.00,4.90
910.07,Cherokee,1900.00,23.00,1.20
910.08,Cherokee,2220.00,95.00,4.30
9101.01,Carroll,1482.00,343.00,23.10
9101.03,Carroll,1258.00,97.00,7.70
9101.04,Carroll,2483.00,289.00,11.60
9102,Carroll,3158.00,441.00,14.00
9103,Carroll,1541.00,149.00,9.70
9104,Carroll,836.00,120.00,14.40
9105.01,Carroll,1248.00,184.00,14.70
9105.02,Carroll,573.00,186.00,32.50
9106,Carroll,1775.00,341.00,19.20
9107.01,Carroll,2237.00,270.00,12.10
9107.02,Carroll,2236.00,219.00,9.80
9107.03,Carroll,2068.00,400.00,19.30
9108,Carroll,1139.00,105.00,9.20
9109,Carroll,995.00,111.00,11.20
911.01,Cherokee,1409.00,61.00,4.30
911.02,Cherokee,2195.00,184.00,8.40
911.03,Cherokee,2498.00,185.00,7.40
9110,Carroll,1591.00,131.00,8.20
9111,Carroll,1501.00,178.00,11.90
9112,Carroll,1646.00,221.00,13.40
92,Fulton,981.00,161.00,16.40
9201,Marion,1067.00,156.00,14.60
9201.01,Bryan,1434.00,210.00,14.60
9201.02,Bryan,1307.00,246.00,18.80
9202,Marion,938.00,212.00,22.60
9203.01,Bryan,559.00,46.00,8.20
9203.03,Bryan,1745.00,288.00,16.50
9203.05,Bryan,1240.00,59.00,4.80
9203.06,Bryan,3150.00,120.00,3.80
93,Fulton,972.00,0.00,0.00
94.02,Fulton,641.00,145.00,22.60
94.03,Fulton,613.00,40.00,6.50
94.04,Fulton,812.00,17.00,2.10
95.01,Fulton,1113.00,0.00,0.00
95.02,Fulton,605.00,26.00,7.40
9501,Appling,853.00,80.00,9.40
9501,Burke,1497.00,345.00,23.10
9501,Calhoun,432.00,41.00,9.50
9501,Candler,1240.00,299.00,24.10
9501,Grady,518.00,68.00,13.10
9501,Greene,594.00,75.00,12.60
9501,Irwin,607.00,87.00,14.30
9501,Lanier,554.00,122.00,22.00
9501,Laurens,836.00,165.00,19.70
9501,McDuffie,707.00,34.00,4.80
9501,Miller,471.00,120.00,25.50
9501,Montgomery,536.00,75.00,14.00
9501,Pulaski,361.00,52.00,14.40
9501,Stewart,490.00,178.00,36.30
9501,Sumter,294.00,45.00,15.30
9501,Tattnall,886.00,124.00,14.00
9501,Taylor,392.00,57.00,14.50
9501,Telfair,2122.00,635.00,29.90
9501,Ware,473.00,57.00,12.10
9501,Washington,518.00,79.00,15.30
9501,White,838.00,82.00,9.80
9501,Worth,768.00,124.00,16.20
9502,Appling,1120.00,243.00,21.70
9502,Burke,694.00,146.00,21.00
9502,Calhoun,741.00,316.00,42.70
9502,Candler,1050.00,304.00,29.00
9502,Grady,785.00,133.00,16.90
9502,Greene,527.00,166.00,31.50
9502,Irwin,1474.00,292.00,19.80
9502,Lanier,2091.00,592.00,28.30
9502,McDuffie,1457.00,550.00,37.80
9502,Miller,438.00,142.00,32.40
9502,Montgomery,1005.00,151.00,15.00
9502,Pulaski,1848.00,418.00,22.60
9502,Sumter,1660.00,540.00,32.50
9502,Taylor,652.00,146.00,22.40
9502,Telfair,442.00,44.00,10.00
9502,Ware,1725.00,353.00,20.50
9502,Worth,1834.00,338.00,18.40
9502.01,Laurens,1195.00,237.00,19.80
9502.01,Tattnall,1344.00,260.00,19.40
9502.01,White,2261.00,483.00,21.40
9502.02,Laurens,1236.00,44.00,3.60
9502.02,Tattnall,928.00,349.00,37.60
9502.02,White,948.00,50.00,5.30
9502.03,White,1594.00,102.00,6.40
9503,Appling,1294.00,214.00,16.50
9503,Candler,644.00,170.00,26.40
9503,Grady,1216.00,303.00,24.90
9503,Laurens,355.00,124.00,34.90
9503,McDuffie,904.00,108.00,12.00
9503,Miller,642.00,56.00,8.70
9503,Montgomery,516.00,96.00,18.60
9503,Pulaski,392.00,28.00,7.10
9503,Sumter,1583.00,529.00,33.40
9503,Tattnall,1235.00,218.00,17.70
9503,Taylor,1277.00,397.00,31.10
9503,Ware,509.00,125.00,24.60
9503,Washington,1218.00,331.00,27.20
9503,White,2232.00,449.00,20.10
9503.01,Greene,916.00,18.00,2.00
9503.02,Greene,792.00,62.00,7.80
9503.03,Greene,975.00,282.00,28.90
9504,Appling,419.00,82.00,19.60
9504,Burke,1273.00,473.00,37.20
9504,Grady,1567.00,278.00,17.70
9504,Greene,301.00,61.00,20.30
9504,Laurens,906.00,301.00,33.20
9504,McDuffie,1306.00,359.00,27.50
9504,Stewart,566.00,227.00,40.10
9504,Sumter,656.00,70.00,10.70
9504,Tattnall,1181.00,177.00,15.00
9504,Ware,424.00,208.00,49.10
9504,Washington,1413.00,335.00,23.70
9504,Worth,1178.00,131.00,11.10
9505,Appling,1107.00,163.00,14.70
9505,Burke,1366.00,361.00,26.40
9505,Grady,1813.00,534.00,29.50
9505,Greene,476.00,58.00,12.20
9505,Laurens,834.00,168.00,20.10
9505,McDuffie,1423.00,236.00,16.60
9505,Sumter,923.00,155.00,16.80
9505,Telfair,814.00,130.00,16.00
9505,Ware,1417.00,348.00,24.60
9505,Washington,1048.00,132.00,12.60
9505,Worth,1219.00,206.00,16.90
9506,Grady,655.00,72.00,11.00
9506,Laurens,528.00,71.00,13.50
9506,Sumter,496.00,135.00,27.20
9506,Ware,1994.00,315.00,15.80
9506,Worth,577.00,61.00,10.60
9507,Burke,696.00,185.00,26.60
9507,Laurens,699.00,134.00,19.20
9507,Sumter,1430.00,515.00,36.00
9507,Ware,317.00,133.00,42.00
9507,Washington,973.00,208.00,21.40
9508,Laurens,918.00,212.00,23.10
9508,Sumter,764.00,120.00,15.70
9508,Ware,1702.00,493.00,29.00
9509,Burke,436.00,35.00,8.00
9509,Laurens,527.00,277.00,52.60
9509,Ware,1216.00,221.00,18.20
9510,Laurens,1788.00,473.00,26.50
9511,Laurens,1179.00,265.00,22.50
9514,Laurens,709.00,70.00,9.90
96.01,Fulton,388.00,33.00,8.50
96.02,Fulton,1174.00,39.00,3.30
96.03,Fulton,828.00,43.00,5.20
9601,Atkinson,406.00,106.00,26.10
9601,Baker,550.00,97.00,17.60
9601,Ben Hill,598.00,161.00,26.90
9601,Brantley,1667.00,258.00,15.50
9601,Cook,559.00,145.00,25.90
9601,Dodge,603.00,75.00,12.40
9601,Hart,1703.00,265.00,15.60
9601,Jeff Davis,1849.00,513.00,27.70
9601,Jefferson,1135.00,201.00,17.70
9601,Jenkins,1422.00,320.00,22.50
9601,Johnson,641.00,138.00,21.50
9601,Oglethorpe,444.00,87.00,19.60
9601,Pierce,818.00,113.00,13.80
9601,Schley,796.00,190.00,23.90
9601,Talbot,724.00,77.00,10.60
9601,Thomas,285.00,76.00,26.70
9601,Tift,728.00,13.00,1.80
9601,Towns,1158.00,149.00,12.90
9601,Treutlen,382.00,0.00,0.00
9601,Troup,1425.00,276.00,19.40
9601,Webster,360.00,49.00,13.60
9601,Wilcox,518.00,156.00,30.10
9601.01,Bartow,448.00,45.00,10.00
9601.01,Lumpkin,1971.00,233.00,11.80
9601.01,Putnam,972.00,121.00,12.50
9601.02,Bartow,2739.00,206.00,7.50
9601.02,Lumpkin,1719.00,77.00,4.50
9601.02,Putnam,1725.00,129.00,7.50
9602,Atkinson,1057.00,221.00,20.90
9602,Baker,341.00,4.00,1.20
9602,Bartow,2892.00,349.00,12.10
9602,Ben Hill,439.00,106.00,24.20
9602,Brantley,1701.00,257.00,15.10
9602,Brooks,442.00,53.00,12.00
9602,Cook,937.00,271.00,28.90
9602,Dodge,1018.00,238.00,23.40
9602,Hart,990.00,119.00,12.00
9602,Jeff Davis,1627.00,168.00,10.30
9602,Jefferson,574.00,79.00,13.80
9602,Jenkins,741.00,126.00,17.00
9602,Johnson,1121.00,208.00,18.60
9602,Pierce,541.00,96.00,17.70
9602,Schley,627.00,79.00,12.60
9602,Talbot,712.00,146.00,20.50
9602,Thomas,1102.00,153.00,13.90
9602,Tift,821.00,87.00,10.60
9602,Towns,915.00,69.00,7.50
9602,Treutlen,1287.00,243.00,18.90
9602,Webster,351.00,68.00,19.40
9602,Wilcox,344.00,59.00,17.20
9602,Wilkinson,782.00,160.00,20.50
9602.01,Lumpkin,2304.00,333.00,14.50
9602.01,Oglethorpe,1675.00,198.00,11.80
9602.01,Putnam,343.00,54.00,15.70
9602.01,Troup,844.00,54.00,6.40
9602.02,Lumpkin,1309.00,184.00,14.10
9602.02,Oglethorpe,1354.00,217.00,16.00
9602.02,Putnam,1553.00,308.00,19.80
9602.02,Troup,680.00,30.00,4.40
9603,Atkinson,349.00,94.00,26.90
9603,Bartow,1889.00,175.00,9.30
9603,Ben Hill,849.00,230.00,27.10
9603,Brantley,1521.00,207.00,13.60
9603,Brooks,1419.00,269.00,19.00
9603,Clay,683.00,196.00,28.70
9603,Cook,1591.00,277.00,17.40
9603,Dodge,1754.00,209.00,11.90
9603,Hart,968.00,285.00,29.40
9603,Jeff Davis,438.00,56.00,12.80
9603,Jefferson,1224.00,342.00,27.90
9603,Johnson,468.00,36.00,7.70
9603,Oglethorpe,508.00,71.00,14.00
9603,Pierce,1787.00,416.00,23.30
9603,Putnam,1389.00,77.00,5.50
9603,Quitman,573.00,139.00,24.30
9603,Talbot,427.00,84.00,19.70
9603,Thomas,626.00,91.00,14.50
9603,Tift,1538.00,372.00,24.20
9603,Towns,1015.00,106.00,10.40
9603,Troup,1090.00,55.00,5.10
9603,Wilcox,382.00,30.00,7.90
9603,Wilkinson,1058.00,155.00,14.70
9604,Ben Hill,1015.00,311.00,30.60
9604,Brooks,927.00,190.00,20.50
9604,Cook,1238.00,228.00,18.40
9604,Dodge,954.00,226.00,23.70
9604,Hart,1455.00,398.00,27.40
9604,Jefferson,790.00,175.00,22.20
9604,Pierce,2127.00,215.00,10.10
9604,Thomas,555.00,89.00,16.00
9604,Tift,1485.00,267.00,18.00
9604,Troup,1454.00,205.00,14.10
9604,Wilcox,543.00,45.00,8.30
9604,Wilkinson,429.00,70.00,16.30
9604.01,Bartow,2595.00,161.00,6.20
9604.02,Bartow,2308.00,155.00,6.70
9605,Bartow,2093.00,462.00,22.10
9605,Ben Hill,1360.00,477.00,35.10
9605,Brooks,673.00,184.00,27.30
9605,Dodge,583.00,127.00,21.80
9605,Hart,1830.00,197.00,10.80
9605,Thomas,1692.00,209.00,12.40
9605,Tift,1378.00,134.00,9.70
9605.01,Troup,1042.00,376.00,36.10
9605.02,Troup,1851.00,302.00,16.30
9606,Bartow,2486.00,421.00,16.90
9606,Brooks,610.00,93.00,15.30
9606,Dodge,552.00,91.00,16.50
9606,Thomas,1590.00,208.00,13.10
9606,Tift,1578.00,729.00,46.20
9606,Troup,1262.00,352.00,27.90
9607,Bartow,1541.00,214.00,13.90
9607,Thomas,1713.00,643.00,37.50
9607,Tift,1008.00,342.00,33.90
9607,Troup,1279.00,159.00,12.40
9608,Thomas,1366.00,316.00,23.10
9608,Tift,560.00,144.00,25.70
9608,Troup,842.00,321.00,38.10
9608.01,Bartow,829.00,117.00,14.10
9608.02,Bartow,673.00,146.00,21.70
9608.03,Bartow,1437.00,159.00,11.10
9609,Thomas,949.00,115.00,12.10
9609,Tift,1013.00,125.00,12.30
9609.01,Bartow,848.00,139.00,16.40
9609.01,Troup,1121.00,237.00,21.10
9609.02,Bartow,1793.00,112.00,6.30
9609.02,Troup,1818.00,118.00,6.50
9610,Bartow,2063.00,115.00,5.60
9610,Thomas,1023.00,120.00,11.70
9610,Troup,1488.00,307.00,20.60
9611,Thomas,636.00,98.00,15.40
9611,Troup,799.00,75.00,9.40
97,Fulton,1088.00,32.00,2.90
9701,Bacon,719.00,125.00,17.40
9701,Baldwin,1237.00,142.00,11.50
9701,Banks,1442.00,184.00,12.80
9701,Berrien,496.00,67.00,13.50
9701,Clinch,1222.00,391.00,32.00
9701,Colquitt,1384.00,214.00,15.50
9701,Dawson,2391.00,194.00,8.10
9701,Decatur,1012.00,123.00,12.20
9701,Dooly,1131.00,369.00,32.60
9701,Emanuel,1355.00,302.00,22.30
9701,Evans,834.00,166.00,19.90
9701,Gordon,1725.00,210.00,12.20
9701,Heard,1097.00,198.00,18.10
9701,Lamar,1822.00,332.00,18.20
9701,Lincoln,1097.00,224.00,20.40
9701,Long,2199.00,321.00,14.60
9701,Rabun,1397.00,255.00,18.30
9701,Stephens,1670.00,232.00,13.90
9701,Toombs,1390.00,344.00,24.80
9701,Wayne,1100.00,90.00,8.20
9702,Baldwin,1458.00,274.00,18.80
9702,Banks,1328.00,135.00,10.20
9702,Berrien,1006.00,230.00,22.90
9702,Clinch,383.00,100.00,26.10
9702,Colquitt,720.00,146.00,20.30
9702,Decatur,812.00,180.00,22.20
9702,Dooly,550.00,151.00,27.50
9702,Emanuel,476.00,74.00,15.60
9702,Evans,1089.00,205.00,18.80
9702,Gordon,1997.00,291.00,14.60
9702,Heard,1179.00,143.00,12.10
9702,Lamar,1334.00,238.00,17.80
9702,Lincoln,1024.00,204.00,19.90
9702,Long,1524.00,167.00,11.00
9702,Screven,426.00,71.00,16.70
9702,Stephens,1477.00,146.00,9.90
9702,Toombs,1261.00,268.00,21.30
9702,Turner,1356.00,305.00,22.50
9702,Wayne,2146.00,382.00,17.80
9702.01,Bacon,992.00,120.00,12.10
9702.01,Dawson,2045.00,200.00,9.80
9702.01,Rabun,844.00,90.00,10.70
9702.02,Bacon,1041.00,116.00,11.10
9702.02,Dawson,2017.00,219.00,10.90
9702.02,Rabun,683.00,122.00,17.90
9703,Baldwin,1526.00,90.00,5.90
9703,Banks,1178.00,92.00,7.80
9703,Berrien,734.00,83.00,11.30
9703,Colquitt,1229.00,405.00,33.00
9703,Decatur,1372.00,389.00,28.40
9703,Dooly,1718.00,242.00,14.10
9703,Emanuel,1053.00,190.00,18.00
9703,Evans,899.00,242.00,26.90
9703,Gordon,2047.00,548.00,26.80
9703,Heard,741.00,59.00,8.00
9703,Lamar,890.00,154.00,17.30
9703,Screven,800.00,146.00,18.30
9703,Toombs,1628.00,226.00,13.90
9703,Turner,830.00,110.00,13.30
9703,Wayne,1107.00,195.00,17.60
9703.01,Rabun,980.00,103.00,10.50
9703.01,Stephens,733.00,114.00,15.60
9703.02,Rabun,405.00,104.00,25.70
9703.02,Stephens,579.00,65.00,11.20
9704,Baldwin,782.00,131.00,16.80
9704,Banks,937.00,155.00,16.50
9704,Berrien,752.00,295.00,39.20
9704,Colquitt,886.00,229.00,25.90
9704,Decatur,1149.00,582.00,50.70
9704,Emanuel,967.00,273.00,28.20
9704,Gordon,1285.00,318.00,24.80
9704,Screven,1143.00,257.00,22.50
9704,Stephens,1904.00,270.00,14.20
9704,Toombs,998.00,297.00,29.80
9704,Warren,650.00,206.00,31.70
9704,Wayne,937.00,85.00,9.10
9705,Baldwin,868.00,246.00,28.30
9705,Berrien,1014.00,132.00,13.00
9705,Colquitt,845.00,30.00,3.60
9705,Emanuel,348.00,52.00,14.90
9705,Gordon,1286.00,237.00,18.40
9705,Meriwether,1558.00,334.00,21.40
9705,Screven,683.00,131.00,19.20
9705,Toombs,925.00,223.00,24.10
9705,Warren,680.00,65.00,9.60
9705,Wayne,745.00,204.00,27.40
9706,Baldwin,683.00,145.00,21.20
9706,Berrien,924.00,223.00,24.10
9706,Colquitt,1714.00,380.00,22.20
9706,Decatur,1233.00,71.00,5.80
9706,Emanuel,1191.00,222.00,18.60
9706,Gordon,1450.00,337.00,23.20
9706,Meriwether,906.00,211.00,23.30
9706,Screven,427.00,54.00,12.70
9706,Toombs,770.00,77.00,10.00
9706,Wayne,926.00,99.00,10.70
9707,Decatur,551.00,146.00,26.50
9707,Gordon,1316.00,196.00,14.90
9707,Meriwether,1953.00,260.00,13.30
9707.01,Baldwin,382.00,141.00,36.90
9707.01,Colquitt,1631.00,292.00,17.90
9707.02,Baldwin,427.00,112.00,26.20
9707.02,Colquitt,403.00,181.00,44.90
9708,Baldwin,1616.00,368.00,22.80
9708,Colquitt,732.00,196.00,26.80
9708,Decatur,796.00,161.00,20.20
9708,Gordon,1758.00,133.00,7.60
9708,Meriwether,1279.00,131.00,10.20
9709,Colquitt,1772.00,365.00,20.60
9709,Gordon,1955.00,318.00,16.30
98.01,Fulton,1168.00,20.00,1.70
98.02,Fulton,1162.00,28.00,2.40
9800,Bryan,0.00,0.00,
9800,Chatham,0.00,0.00,
9800,Clayton,0.00,0.00,
9800,DeKalb,0.00,0.00,
9800,Fulton,0.00,0.00,
9800,Long,0.00,0.00,
9800,McIntosh,0.00,0.00,
99,Fulton,1113.00,0.00,0.00
